PLANTILLA DE LISTA DE MATERIALES DE VARIOS NIVELES;;;;;;;;;;;;;;;;;;
ITEM;NÚMERO DE PARTE;DESCRIPCIÓN;IMAGEN;CATEGORÍA;ESTADO;"FUENTE / PROVEEDOR 1
NOMBRE                           PRECIO                                 LINK";;;"FUENTE / PROVEEDOR 2
NOMBRE                           PRECIO                                 LINK";;;"FUENTE / PROVEEDOR 3
NOMBRE                           PRECIO                                 LINK";;;COSTO MENOR;COSTO TOTAL DE LAS PIEZAS;;
1;DOP-107EV;"7” (800 * 480) 65536 Colores TFT, 256 MB RAM, Ethernet incorporada, 2 juegos de puertos COM / 1 puerto COM de extensión, USB Host, USB Client
";Imagen;HMI´S;ACTUALIZADO;MERCADO LIBRE  ;$4.925,75;https://www.mercadolibre.com.mx/hmi-dop-107ev-delta-de-7-pulgadas-ethernet-color-touch/p/MLM59644571?pdp_filters=item_id%3AMLM2534674213&from=gshop&matt_tool=28796641&matt_word=&matt_source=google&matt_campaign_id=22118385007&matt_ad_group_id=177188373510&matt_match_type=&matt_network=g&matt_device=c&matt_creative=729726335021&matt_keyword=&matt_ad_position=&matt_ad_type=pla&matt_merchant_id=735120154&matt_product_id=MLM59644571-product&matt_product_partition_id=2392713578861&matt_target_id=aud-2010778457741:pla-2392713578861&cq_src=google_ads&cq_cmp=22118385007&cq_net=g&cq_plt=gp&cq_med=pla&gad_source=1&gad_campaignid=22118385007&gbraid=0AAAAAoTLPrKllrPbEnhRPhTAbgbW_pjBO ;;;;;;;;;;
;DOP-103WQ;"4,3” (480*272) 65536 Colores TFT, Cortex-A8 800MHz CPU, 512 MB RAM. 256 MB ROM, Ethernet incorporada. 1 puerto COM / 1 puerto COM de extensión, USB Host, USB Client
";Imagen;HMI´S;ACTUALIZADO;MERCADO LIBRE  ;$5.846,00;https://www.mercadolibre.com.mx/pantalla-delta-dop-103wq-hmi-43-in-24vcd/p/MLM59681621#polycard_client=search-nordic&search_layout=stack&position=1&type=product&tracking_id=8cfd8b17-2cb8-485a-8feb-f4dc830ee646&wid=MLM4186980734&sid=search;;;;;;;;;;
2;6ES7215-1AG40-0XB0;"SIMATIC S7-1200, CPU 1215C, compact CPU, DC/DC/DC, 2 PROFINET ports, onboard I/O: 14 DI 24 V DC; 10 DO 24 V DC; 0.5 A; 2 AI 0-10 V DC, 2 AO 0-20 mA DC, power supply: DC 20.4-28.8 V DC, program/data memory 200 KB";Imagen;PLC'S;ACTUALIZADO;DIMEINT;$16.440,24;https://dimeint.com/products/6es7215-1ag40-0xb0;Ebay; $9.000,00 ;https://www.ebay.com/itm/388448945492?chn=ps&_trkparms=ispr%3D1&amdata=enc%3A1--4lCSRMSnSPr3mEKNEIdQ32&norover=1&mkevt=1&mkrid=21562-222008-2056-1&mkcid=2&itemid=388448945492&targetid=325425753764&device=c&mktype=pla&googleloc=1010058&poi=&campaignid=21384589900&mkgroupid=164552185618&rlsatarget=pla-325425753764&abcId=&merchantid=5396102022&gad_source=1&gad_campaignid=21384589900&gbraid=0AAAAAD_QDh_iAcJGlJlpfYLD-I3qsrXC-&gclid=Cj0KCQjwgr_NBhDFARIsAHiUWr6CObLGrBkWHYXJ53MsYX8fTCbq8AvWy06lTudQpuuEalIcc3IfhYoaAjDhEALw_wcB;AMAZON; $18.426,00 ;https://www.amazon.com.mx/eiuie-6ES7215-1AG40-0XB0-S7-1200-Compact-215-1AG40-0XB0/dp/B0BNXRZBDV;;;;
3;6SL3210-5FE13-5UF0;SINAMICS V90, with PROFINET Input voltage: 380-480 V 3 A -15%/+10% 13.8 A 45-66 Hz Output voltage: 0 – Input 11.0 A 0-330 Hz Motor: 3.5 kW Degree of protection: IP20 Size C, 140x260x240 (WxHxD);Imagen;SERVODRIVES;ACTUALIZADO;AMAZON;$20.084,32;https://www.amazon.com.mx/FEGIANCHE-Servoaccionamiento-6SL3210-5FE13-5UF0-6SL3210-5FE15-0UF0-6SL3210-5FE17-0UF0/dp/B0DK4YW2DB?th=1;;;;;;;;;;
4;1FL6092-1AC61-2AB1;"SIMOTICS S-1FL6-1FL6 Tensión de empleo 400 V 3 AC PN=3,5 kW; NN=2000 1/min M0=22 Nm; MN=16,7 Nm Altura de eje 90 mm, con conector acodado; encóder incremental 2500 incr./vuelta con chaveta, tolerancia con freno de mantenimiento Grado de protección IP65 con junta anular compatible con los convertidores SINAMICS V70 y V90";Imagen;SERVO MOTOR;ACTUALIZADO;PLC CITY;$24.426,72;https://www.plc-city.com/shop/es/industry-motors-and-drives-electric-motor/1fl6092-1ac61-2ab1-nfs.html;;;;;;;;;;
5;6GK5008-0BA10-1AB2;"SCALANCE XB008 unmanaged Industrial Ethernet Switch para 10/100 Mbits/s; para configurar pequeńas topologías en estrella y en línea; diagnóstico LED, IP20, 24 V AC/DC fuente de alimentación, con 8 10/100 Mbit/s Twisted Pair Ports con conectores hembra RJ45; manual disponible para su descarga .";Imagen;COMUNICACIÓN;ACTUALIZADO;MERCADO LIBRE  ;$6.295,00;https://www.mercadolibre.com.mx/switch-scalance-xb008-8x10100mb-rj45-ip20/p/MLM22212146#polycard_client=search-nordic&search_layout=grid&position=1&type=product&tracking_id=c6088f6d-d834-4b8d-918c-efbad9c771b2&wid=MLM3856264174&sid=search;;;;;;;;;;
6;ALP120S24;"Fuente Conmutada, Marca: Alpha Electric, Potencia de salida : 120W
Voltaje de entrada : 100-240VCA~50/60Hz , Voltaje permitido : 85-264VAC~ 50/60Hz, 120-370VCC
Voltaje de salida : 24VCD, Corriente de salida : 5A, Dimension: 40*125*113mm";Imagen;ALIMENTACIÓN;ACTUALIZADO;MERCADO LIBRE  ;$799,00;https://www.mercadolibre.com.mx/fuente-voltaje-industrial-120w-5a-24vdc-riel-din/up/MLMU3479352842#polycard_client=search-nordic&search_layout=stack&position=9&type=product&tracking_id=55eff40e-002a-4ed0-9a39-0a473d70eaa7&wid=MLM2489597209&sid=search;;;;;;;;;;
7;TCN4S-24R;"Método de visualización : 4 dígitos 7 segmentos LED, Método de control : ON/OFF, P, PI, PD, PID Tipo de entrada : Termopar: K (CA), J (IC), T (CC), R (PR), RTD: DPt100?, Cu50?
Ciclo de muestreo : 100ms, Salida de control : ""Relé (250 V CA ~ 3 A) o Unidad SSR (12VDC specialstring) [ON / OFF] "", Fuente de alimentación : 100-240VCA~50/60Hz";Imagen;SENSORES;ACTUALIZADO;MERCADO LIBRE  ;$1.135,96;https://articulo.mercadolibre.com.mx/MLM-2099067673-control-de-temperatura-pid-100-240vca-autonics-tcn4s-24r-_JM#is_advertising=true&backend_model=search-backend&position=2&search_layout=grid&type=pad&tracking_id=6113e4d9-ec8e-4e54-adcf-ec373fcac7bf&ad_domain=VQCATCORE_LST&ad_position=2&ad_click_id=ODRiODFhY2UtNjk5ZC00ZmQzLThjODUtMzVjYTk2YzdlNWUz;;;;;;;;;;
8;6ES7517-3AP00-0AB0;SIMATIC S7-1500, CPU 1517-3 PN/DP, módulo central con memoria de trabajo de 2 MB para programa y 8 MB para datos, 1.Ş interfaz: PROFINET IRT con switch de 2 puertos, 2.Ş interfaz: PROFINET RT, 3.Ş interfaz: PROFIBUS, rendimiento bits 2 ns, se necesita SIMATIC Memory Card;;PLC'S;ACTUALIZADO;DIMEINT;$137.861,36;https://dimeint.com/products/6es7517-3ap00-0ab0?variant=37365362229402&country=MX&currency=MXN&utm_medium=product_sync&utm_source=google&utm_content=sag_organic&utm_campaign=sag_organic&srsltid=AfmBOop0I9gEq8djyk1pw5f_pvItJ9rz6maw1V-Dm1cUcKJXRyoJbaDpG6k;;;;;;;;;;
9;6ES7954-8LP04-0AA0;"SIMATIC S7, memory card for 
S7-1x 00 CPU
 3.3 V Flash, 2 GB";;PLC'S;ACTUALIZADO;DIMEINT;$5.395,52;https://dimeint.com/pages/productos;;;;;;;;;;
10; 6ES7521-1BL00-0AB0;"
Módulo de entradas digitales DI 32x24 V DC HF, 32 canales en grupos de 16; Retardo de entrada 0,05...20 ms Tipo de entrada 3 (IEC 61131); Diagnóstico, alarmas de proceso: el conector frontal (bornes de tornillo o push-in) debe pedirse por separado";;PLC'S;ACTUALIZADO;DIMEINT;$8.566,60;https://dimeint.com/products/6es7521-1bl00-0ab0;;;;;;;;;;
11;6ES7522-1BL00-0AB0;"MODULO DE SALIDA DIGITAL DQ 32 X DC24V / 0,5A; 32 CANALES EN GRUPOS DE 8; 4A POR GRUPO; DIAGNOSTICO; VALOR SUSTITUCION";;PLC'S;ACTUALIZADO;DIMEINT;$12.189,28;https://dimeint.com/products/6es7522-1bl01-0ab0;;;;;;;;;;
12;6ES7531-7KF00-0AB0;"Módulo de entradas analógicas AI 8 x U/I/RTD/TC ST, Resolución de 16 bits, precisión 0,3 %, 8 canales en grupos de 8, 4 canales para medición de RTD, tensión en modo común 10 V; diagnóstico; alarmas de proceso incl. elemento de alimentación, abrazadera de pantalla";;PLC'S;ACTUALIZADO;DIMEINT;$16.511,44;https://dimeint.com/products/6es7531-7kf00-0ab0;;;;;;;;;;
13;6ES7 532-5HF00-0AB0;Módulo de salidas analógicas AQ 8xU/I HS, resolución de 16 bits, precisión del 0,3%, 8 canales en grupos de 8, diagnóstico, valor sustitutivo 8 canales en sobremuestreo de 0,125 ms incl. elemento de alimentación.;;PLC'S;ACTUALIZADO;DIMEINT;$22.090,75;https://dimeint.com/products/6es7532-5hf00-0ab0;;;;;;;;;;
14; 6ES7590-1AE80-0AA0;"Siemens Simatic S7-1500 Riel De Montaje 482Mm SKU: 6ES7590-1AE80-0AA0
-Ancho 482 mm
-Altura 155 mm
-Profundidad 16 mm";;PLC'S;ACTUALIZADO;DIMEINT;$792,86;https://dimeint.com/products/6es7590-1ae80-0aa0;;;;;;;;;;
15;ACS580-01-046A-4;"Voltaje: 380 - 480 VAC
Fases de alimentación / entrada: Trifásica
Potencia del motor en kW: 18.5 / 22 KW
Potencia del motor en HP: 25 / 30 Hp";;VARIADOR;ACTUALIZADO;BADESA;$48.177,77;https://grupobadesa.com/;EUAUTOMATION; $49.500,00 ;https://www.euautomation.com/mx/;;;;;;;
16; ACS380-040S-032A-4;Variador de velocidad + panel de control asistente. Tensión nominal de entrada 380 V CA-480 V CA (trifásica/3P) - Corriente nominal 32 A - Potencia nominal 15 kW - IP20 - Tamańo de bastidor R4 - con capacidad de comunicación Modbus RTU/Modbus - Montaje en superficie/pared - con Safe Torque Off (STO) integrado.;;VARIADOR;ACTUALIZADO;BADESA;$22.732,47;https://grupobadesa.com/;;;;;;;;;;
17; 01836ET3E160L;"MOTOR IE3 18.5KW, 2 POLOS, ARMAZÓN 160L WEG
-Carcasa: 160L
-Norma: NEMA MG-1
-Frecuencia: 60 Hz
-Tensión: 460//380-415 V
-Corriente nominal: 34.6 A
-Corriente de arranque: 284 A
-Corriente en vacío: 11.5 A
-Numero de polos: 2
-Grado de protección: IP55
-Rotación sincrona: 3600 rpm
-Potencia: 25 HP
-Fijación: Con pies
-Brida: FF
-Forma constructiva: B35L(E)
-Refrigeración: IC411 - TEFC
";;MOTORES;ACTUALIZADO;BADESA;$43.600,00;https://grupobadesa.com/;;;;;;;;;;
18;CVVM2-6145DBYA-EP-121;"MOTORREDUCTOR CYCLOIDAL MONTAJE VERTICAL CON BRIDA LADO BAJA
VELOCIDAD PARA SU MONTAJE, DE 2 HP., 1750 RPM. DE ENTRADA, RELACION DE
REDUCCION 121:1, 14.5 RPM. A LA SALIDA, ACOPLADO CON MOTOR ELECTRICO
EFICIENCIA PREMIUM 3/60 Hz. 230/460 VOLTS, PAR MAXIMO 7,890 Lb-in, CLASE
AGMA I, FACTOR DE SERVICIO 1.01, EJES PARALELOS, MARCA SUMITOMO, MODELO
CVVM2-6145DBYA-EP-121.";;MOTORES;ACTUALIZADO;ENERGÍA CONTROLADA DE MÉXICO S.A. DE C.V.;$63.108,78;https://energiacontrolada.com/;;;;;;;;;;
19;EL1A0045MCAB;"Transformador Seco de Baja Tensión de 45kVA Trifásico EXPRESS L EL1A0045MCAB Hammond

-Capacidades kVA: 45 kVA
-Número de fases: 3
-Conductores de los devanados: Aluminio
-Aprobado por UL: File: E112313
-Frecuencia: 60 Hz
-Sistema de Aislamiento: 220şC (Elevación 150şC)
-Tipo de Gabinete: Tipo 2 estándar
-Terminación del Gabinete: ANSI 61 Gris UL50
-Terminal de neutro: Terminal provista para conexión en campo cuando sea aplicable
-Tensiones en derivaciones estándar en A.T: 440, 460, 480, 504
-Tensión en B.T.: 220Y/127
-Montaje: Se puede montar en el suelo o en la pared/techo.
-Nivel de Sonido: Cumple con las normas de NEMA ST-20";;ALIMENTACIÓN;ACTUALIZADO;TEISA;$38.538,15;https://teisaintegral.com.mx/ver-todo/transformador-seco-de-baja-tension-de-45kva-trifasico-express-l-el1a0045mcab-hammond/;;;;;;;;;;
20;H100-2S/2T-90G;"Variador de frecuencia 120HP entrada trifásica salida trifasica 220VAC 352 Amperes
Tensión de entrada CA 3F 220V (± 15%)
Frecuencia de entrada 50Hz/60Hz ±5%
Tensión de salida CA 3F 0-220V - tensión de entrada, desviación < ± 3%
Frecuencia de salida 0~600Hz";;VARIADOR;ACTUALIZADO;EQUIPOS INDUSTRIALES HAB;$89.759,00;https://equiposindustrialeshab.com/products/variador-de-frecuencia-125-hp-entrada-bifasica-trifasica-salida-trifasica-220v?_pos=1&_sid=d5c70fab2&_ss=r;;;;;;;;;;
21;H100-2S/2T-75G;"Variador de frecuencia100HP entrada trifásica salida trifasica 220VAC 250 Amperes
Tensión de entrada CA 3F 220V (± 15%)
Frecuencia de entrada 50Hz/60Hz ±5%
Tensión de salida CA 3F 0-220V - tensión de entrada, desviación < ± 3%
Frecuencia de salida 0~600Hz";;VARIADOR;ACTUALIZADO;EQUIPOS INDUSTRIALES HAB;$84.819,00;https://equiposindustrialeshab.com/products/variador-de-frecuencia-100-hp-entrada-bifasica-trifasica-salida-trifasica-220v?_pos=1&_sid=f313dbca1&_ss=r;;;;;;;;;;
22; THWLS500; CABLE THWLS VINANEL XXI CAL. 500 MCM. 600V. 90° COLOR NEGRO - CONDUMEX;;ALIMENTACIÓN;ACTUALIZADO;EURO ELÉCTRICA;$969,76;https://euroelectrica.com.mx/;;;;;;;;;;
23;OGD250;"Sensor de distancia óptico,Alimentación	PNP/NPN; Función de salida 2 x normalmente abierto / normalmente cerrado; de 20 cmm a 2 Mts ";;SENSORES;ACTUALIZADO;IFM;$6.804,00;https://www.ifm.com/mx/es/product/OGD250;;;;;;;;;;
24;O1D120;"Sensor de distancia óptico,alcance desde 15mm hasta 10 m, dos salidas de conmutación. 
-Una salida analógica de 4-20mA.
-Voltaje de alimentación 18-30VDC, 150mA, función de salida programable NO o NC.
-Comunicación IO Link, velocidad de transmisión 38.4kBaud";;SENSORES;ACTUALIZADO;IFM;$8.218,00;https://www.ifm.com/mx/es/product/O1D120;;;;;;;;;;
25;E21079;Set de montaje para sensor Óptico O1D120;;SENSORES;ACTUALIZADO;IFM;$1.416,00;https://www.ifm.com/mx/es/product/E21079;;;;;;;;;;
26;EVC563;" Cable de conexión con conector 
hembra M12, 4 pines. Para sensor óptico O1D120";;SENSORES;ACTUALIZADO;IFM;$1.043,00;https://www.ifm.com/mx/es/product/EVC563;;;;;;;;;;
27;E21133;Tapa de protección Para sensor óptico O1D120;;SENSORES;ACTUALIZADO;IFM;$938,00;https://www.ifm.com/mx/es/product/E21133;;;;;;;;;;
28;TPD19;TUBO PARED DELGADA DE 19MM (3/4) ETIQUETA VERDE;;MATERIAL ELECTRICO;ACTUALIZADO;EURO ELÉCTRICA;$96,35;https://euroelectrica.com.mx/producto/tubo-pared-delgada-de-19mm-3-4/;;;;;;;;;;
29;CPD19;CODO PARED DELGADA DE19MM (3/4);;MATERIAL ELECTRICO;ACTUALIZADO;EURO ELÉCTRICA;$24,84;https://euroelectrica.com.mx/producto/codo-pared-delgada-de19mm-3-4/;;;;;;;;;;
30;COPLE19TADO;COPLE PARA TUBO PARED DELGADA DE 19MM (3/4) TIPO AMERICANO MCA. CCH;;MATERIAL ELECTRICO;ACTUALIZADO;EURO ELÉCTRICA;$8,89;https://euroelectrica.com.mx/producto/cople-para-tubo-pared-delgada-de-19mm-3-4-tipo-americano-mca-cch/;;;;;;;;;;
31;CONECTOR19TADO;CONECTOR PARA TUBO PARED DELGADA DE 19MM (3/4) TIPO AMERICANO MCA. CCH;;MATERIAL ELECTRICO;ACTUALIZADO;EURO ELÉCTRICA;$8,89;https://euroelectrica.com.mx/producto/conector-para-tubo-pared-delgada-de-19mm-3-4-tipo-americano-mca-cch/;;;;;;;;;;
32;"
6AG1124-2DC01-4AX0";"Siemens HMI KTP400 Comfort 4.3"", resolución de 480x272, voltaje de alimentación 24VDC.
Interfaces de comunicación 1xRS485, 1xUSB 2.0, 1xUSB mini B.
Protocolos de comunicación: 

-PROFINET
-PROFINET IO
-PROFIBUS
-MPI";;HMI´S;ACTUALIZADO;MERCADO LIBRE  ;$5.890,00;https://www.mercadolibre.com.mx/siemens-6ag11242dc014ax0-ktp400-comfort/up/MLMU3630966821?pdp_filters=item_id:MLM2590949691&matt_tool=87160837&matt_word=&matt_source=google&matt_campaign_id=22118381512&matt_ad_group_id=170611885102&matt_match_type=&matt_network=g&matt_device=c&matt_creative=729602341872&matt_keyword=&matt_ad_position=&matt_ad_type=pla&matt_merchant_id=5560518296&matt_product_id=MLM2590949691&matt_product_partition_id=2392173502264&matt_target_id=aud-2010778457741:pla-2392173502264&cq_src=google_ads&cq_cmp=22118381512&cq_net=g&cq_plt=gp&cq_med=pla&gad_campaignid=22118381512;;;;;;;;;;
33;S/N;Tope Rampa Protector De Cables 2 Canales Para Piso Uso Rudo;;ACCESORIOS ;ACTUALIZADO;MERCADO LIBRE  ;$799,00;https://www.mercadolibre.com.mx/tope-rampa-protector-de-cables-2-canales-para-piso-uso-rudo/up/MLMU569033720;;;;;;;;;;
34;S/N;ABRAZADERA OMEGA PARA TUBO CONDUIT DE 19MM (3/4) MCA. CCH;;MATERIAL ELECTRICO;ACTUALIZADO;EURO ELÉCTRICA;$3,37;https://euroelectrica.com.mx/producto/abrazadera-omega-para-tubo-conduit-de-19mm-3-4-mca-cch/;;;;;;;;;;
35;S/N;Bolsa 4 Taquetes Expansivos 1/4 Con Tornillo, Fiero 44360;;ACCESORIOS ;ACTUALIZADO;MERCADO LIBRE  ;$47,00;https://www.mercadolibre.com.mx/bolsa-4-taquetes-expansivos-14-con-tornillo-fiero-44360/p/MLM27403961?pdp_filters=item_id%3AMLM1958523451&from=gshop&matt_tool=46948161&matt_word=&matt_source=google&matt_campaign_id=22114634876&matt_ad_group_id=170611843342&matt_match_type=&matt_network=g&matt_device=c&matt_creative=729602339400&matt_keyword=&matt_ad_position=&matt_ad_type=pla&matt_merchant_id=735088283&matt_product_id=MLM27403961-product&matt_product_partition_id=2387500413747&matt_target_id=aud-2010778457741:pla-2387500413747&cq_src=google_ads&cq_cmp=22114634876&cq_net=g&cq_plt=gp&cq_med=pla&gad_source=1&gad_campaignid=22114634876&gbraid=0AAAAAoTLPrIMDUW-17ZoPsFinwrJqDiOL ;;;;;;;;;;
36;S/N;TAQUETE EXPANSIVO TX GALVANIZADO 3/8X3;;ACCESORIOS ;ACTUALIZADO;EL TORNILLO;$13,40;https://eltornillo.com.mx/tienda-en-linea/catalogo/taquetes/taquete-expansivo-tx-galvanizado-3%2F8x3?gad_source=1&gad_campaignid=21686270870&gbraid=0AAAAADsHgclHW7nyZhAtB6Q1Vbbf8vSM0;;;;;;;;;;
37;RV3100;"Encóder incremental con eje macizo de Acero Inoxidable IFM INCREMENTAL ENCODER BASIC LINE 
-Diámetro del eje 10mm.
-Tensión de alimentación de 4.75-30VDC, 150mA, HTL/TTL.
-Resolución parametrizable de 1-10000 (configuración de fábrica 1024).
-Interfaz de comunicación por IO Link COM2 (38,4 kBaud).";;ENCODER;ACTUALIZADO;IFM;$4.150,00;https://www.ifm.com/mx/es/product/RV3100;;;;;;;;;;
38;M815;M815 3d Couple Cople Flexible Adaptador 10mmx10mmx25;;ACCESORIOS ;ACTUALIZADO;MERCADO LIBRE  ;$77,50;https://www.mercadolibre.com.mx/m815-3d-couple-cople-flexible-adaptador-10mmx10mmx25/up/MLMU989015159#polycard_client=search-desktop&search_layout=grid&position=3&type=product&tracking_id=f9185add-8dfe-4fb1-a6bc-c625fc7b2f37&wid=MLM760595796&sid=search;;;;;;;;;;
39;EVC546;"Cable para encoderde 10m Libre de halógenos, negro, Ř 4,9 mm, apantallado; 5 x 0,25 mm˛ (32 x Ř 0,1 mm ) conector M12";;ENCODER;ACTUALIZADO;IFM;$820,00;https://www.ifm.com/mx/es/product/EVC546#details;;;;;;;;;;
40;E60035;Escuadra de fijación para encóders;;ENCODER;ACTUALIZADO;IFM;$2.239,00;https://www.ifm.com/mx/es/product/E60035;;;;;;;;;;
41;S/N;Gabinete metálico 50x50x20;;MATERIAL ELECTRICO;ACTUALIZADO;MERCADO LIBRE  ;$2.449,00;https://articulo.mercadolibre.com.mx/MLM-2549445159-gabinete-electrico-alcodm-50x50x20-cm-metalico-de-superficie-_JM?searchVariation=192735733493#polycard_client=search-nordic&searchVariation=192735733493&search_layout=grid&position=2&type=item&tracking_id=7bfe60af-598c-480b-b051-4f50443ff15f;;;;;;;;;;
42;S/N;PHOENIX CONTACT CANALETA GRIS 40X60X2000mm ;;MATERIAL ELECTRICO;ACTUALIZADO;DIMEINT;$187,94;https://dimeint.com/products/phoenix-contact-canaleta-gris-40x60x2000mm-an-x-al-x-long?variant=50139673166071&country=MX&currency=MXN&utm_medium=product_sync&utm_source=google&utm_content=sag_organic&utm_campaign=sag_organic;;;;;;;;;;
43;A9F74103;Interruptor termomagnético Acti9 1 Polo 3 A 220/440 Vca. IC60N Riel DIN;;PROTECCION ELECTRICA;ACTUALIZADO;EURO ELÉCTRICA;$239,59;https://euroelectrica.com.mx/producto/interruptor-termomagnetico-acti9-1-polo-3-a-220-440-vca-ic60n-riel-din/;;;;;;;;;;
44;PLS6-C5-MW;Interruptor Termomag. 1p 5a 242674 Moeller Pls6-c5-mw;;PROTECCION ELECTRICA;ACTUALIZADO;MERCADO LIBRE  ;$408,41;https://www.mercadolibre.com.mx/interruptor-termomag-1p-5a-242674-moeller-pls6c5mw/up/MLMU720620635?matt_tool=28238160&utm_source=google_shopping&utm_medium=organic&pdp_filters=item_id:MLM639615512;;;;;;;;;;
45;;Pija Cabeza De Cruz Punta Broca 1/2' Fiero 44645;;ACCESORIOS ;ACTUALIZADO;MERCADO LIBRE  ;$56,00;https://www.mercadolibre.com.mx/pija-cabeza-de-cruz-punta-broca-12-fiero-44645/up/MLMU903394649#polycard_client=search-nordic&search_layout=grid&position=5&type=product&tracking_id=9639266a-e107-4565-b3bf-9d26ecd081e1&wid=MLM1651643206&sid=search;;;;;;;;;;
46;CV18A;METRO DE CABLE TFLS VINANEL-XXI CAL. 18 AWG. 600V. 90°C COLOR AZUL. MCA. CONDUMEX;;MATERIAL ELECTRICO;ACTUALIZADO;EURO ELÉCTRICA;$4,25;https://euroelectrica.com.mx/producto/cable-tfls-vinanel-xxi-cal-18-awg-600v-90c-color-azul-mca-condumex/;;;;;;;;;;
47;CTHW12N;METROS DE CABLE CON AISLAMIENTO TIPO THW 12 AWG, 90° 600V. COLOR NEGRO MCA. CONDULAC;;MATERIAL ELECTRICO;ACTUALIZADO;EURO ELÉCTRICA;$12,10;https://euroelectrica.com.mx/producto/cable-con-aislamiento-tipo-thw-12-awg-90-600v-color-negro-mca-condulac/;;;;;;;;;;
48;4160326;METROS DE OLFLEX Cable 18Awg 1X1 Azul/Bco Multi-Standard;;MATERIAL ELECTRICO;ACTUALIZADO;DIMEINT;$15,00;https://dimeint.com/products/4160326;TME; $25,00 ;https://www.tme.com/mx/es/details/h07v2-k150blwh/cables-de-un-hilo-trenzado/helukabel/63417/;;;;;;;
49;"
TS35X7.5 1M";Riel Din Perforado 1 metro;;MATERIAL ELECTRICO;ACTUALIZADO;MERCADO LIBRE  ;$112,00;https://www.mercadolibre.com.mx/riel-din-perforado-plateado-1-metro/up/MLMU3118674891?pdp_filters=item_id%3AMLM2281070227&from=gshop&matt_tool=53826643&matt_word=&matt_source=google&matt_campaign_id=23406600413&matt_ad_group_id=193915105674&matt_match_type=&matt_network=g&matt_device=c&matt_creative=790322146796&matt_keyword=&matt_ad_position=&matt_ad_type=pla&matt_merchant_id=5589206556&matt_product_id=MLMU3118674891&matt_product_partition_id=2388138774430&matt_target_id=aud-1927594328786:pla-2388138774430&cq_src=google_ads&cq_cmp=23406600413&cq_net=g&cq_plt=gp&cq_med=pla&gad_source=1&gad_campaignid=23406600413&gbraid=0AAAAAoTLPrKDOaxZgTEvU7lO63Zcr0Pkh&gclid=Cj0KCQjwgr_NBhDFARIsAHiUWr47zlUxA98cWFg2PuXfKCuQsJENpKMFhw1cF4NTsJkQAuqW_bKTXdgaAt2QEALw_wcB;;;;;;;;;;
50;WDU 2.5;Paquete De 30 Clemas De Paso Wdu 2.5 24a Cal 26 A 12 Awg;;MATERIAL ELECTRICO;ACTUALIZADO;MERCADO LIBRE  ;$791,77;https://www.mercadolibre.com.mx/paquete-de-30-clemas-de-paso-wdu-25--24a--cal-26-a-12-awg/up/MLMU561648330?pdp_filters=item_id:MLM1766779705#polycard_client=search-nordic&position=7&search_layout=stack&type=item&tracking_id=90562171-34a5-4085-b96b-d721f15d64f0;;;;;;;;;;
51;M21-750-499;Etiquetas para etiquetadora Brady;;ACCESORIOS ;ACTUALIZADO;BRADY;$654,75;https://www.bradyid.com.mx/alambre-cable-etiquetas/etiquetas-de-nailon-multiusos-serie-bmp21-plus-cps-brus-11832?part-number=m21-750-499;;;;;;;;;;
52;60.12.9.024.0040;Relevadores 24VDC de 8 pines;;MATERIAL ELECTRICO;ACTUALIZADO;MERCADO LIBRE  ;$26,00;https://www.mercadolibre.com.mx/relevador-finder-24v-dc-10a-8-pines-octal/up/MLMU571000043#polycard_client=search-nordic&search_layout=grid&position=2&type=product&tracking_id=cea0086a-f4f6-4125-8670-3ffb75e20691&wid=MLM2763974516&sid=search;;;;;;;;;;
53; 90.20 SMA;Base Para Relevador 8 Pines 90.20sma Marca Finder;;MATERIAL ELECTRICO;ACTUALIZADO;MERCADO LIBRE  ;$300,00;https://www.mercadolibre.com.mx/base-para-relevador-8-pines-9020sma-marca-finder/up/MLMU720425073#polycard_client=search-nordic&search_layout=stack&position=47&type=product&tracking_id=a3fb8e53-be78-4587-9175-a44a6b85b004&wid=MLM617642281&sid=search;;;;;;;;;;
54;XB005;Scalance 5 puertos XB005;;COMUNICACIÓN;ACTUALIZADO;MERCADO LIBRE  ;$3.300,00;https://www.mercadolibre.com.mx/6gk5005-0ba00-1ab2-siemens-switch/p/MLM2052493882#polycard_client=search-nordic&search_layout=grid&position=3&type=product&tracking_id=e8a4c505-99d3-4cef-b30d-a1750abffa68&wid=MLM2583994489&sid=search;;;;;;;;;;
55;S/N;Metros de multiconductor 4x18AWG;;MATERIAL ELECTRICO;ACTUALIZADO;STEREN;$29,00;https://www.steren.com.mx/cable-multiconductor-de-4-vias-22-awg-vta.html;;;;;;;;;;
56;O5D150;Sensor de distancia óptico;;SENSORES;ACTUALIZADO;IFM;$4.361,00;https://www.ifm.com/mx/es/product/O5D150;;;;;;;;;;
57;E21084;Set de montaje para sensor Óptico;;SENSORES;ACTUALIZADO;IFM;$431,00;https://www.ifm.com/mx/es/product/E21084;;;;;;;;;;
58;EVC008;" Cable de conexión con conector 
hembra M12, 4 pines.";;SENSORES;ACTUALIZADO;IFM;$31,00;https://www.ifm.com/mx/es/product/EVC008;;;;;;;;;;
59;"
UCF205-16";"Chumacera de pared de 1""";;MATERIALES MECÁNICOS;ACTUALIZADO;MERCADO LIBRE  ;$80,00;https://www.mercadolibre.com.mx/chumacera-de-pared-1-pulgada-ucf20516/up/MLMU721480569?pdp_filters=item_id:MLM724668919&matt_tool=87160837&matt_word=&matt_source=google&matt_campaign_id=22118381512&matt_ad_group_id=170611885102&matt_match_type=&matt_network=g&matt_device=c&matt_creative=729602341872&matt_keyword=&matt_ad_position=&matt_ad_type=pla&matt_merchant_id=140001630&matt_product_id=MLM724668919&matt_product_partition_id=2391454164636&matt_target_id=aud-2010778457741:pla-2391454164636&cq_src=google_ads&cq_cmp=22118381512&cq_net=g&cq_plt=gp&cq_med=pla&gad_source=1&gad_campaignid=22118381512&gbraid=0AAAAAoTLPrKqJg8pRZh9NSbjVTCKhMKRq;;;;;;;;;;
60;147-064;"Tornillo cabeza plana 1/4""x1 1/2""";;ACCESORIOS ;ACTUALIZADO;EL TORNILLO;$5,24;https://eltornillo.com.mx/tienda-en-linea/catalogo/linea-allen/tornillo-allen-cabeza-plana-nc-20h-pavonado-1%2f4x1_1%2f2;;;;;;;;;;
61;100-184;"Tornillos cabeza hexagonal 3/8""x1 1/2""";;ACCESORIOS ;ACTUALIZADO;EL TORNILLO;$3,78;https://eltornillo.com.mx/tienda-en-linea/catalogo/tornillos/tornillo-hexagonal-g2-nc-cuerda-corrida-16h-natural-3%2f8x1_1%2f2;;;;;;;;;;
62;122-740;Tuerca 3/8;;ACCESORIOS ;ACTUALIZADO;EL TORNILLO;$1,37;https://eltornillo.com.mx/tienda-en-linea/catalogo/tuercas/tuerca-hexagonal-liviana-g2-nc-16h-galvanizada-3%2f8;;;;;;;;;;
63;137-320;Rondana plana 3/8;;ACCESORIOS ;ACTUALIZADO;EL TORNILLO;$1,09;https://eltornillo.com.mx/tienda-en-linea/catalogo/rondanas/rondana-plana-nc-g2-gic-3%2f8;;;;;;;;;;
64;139-208;Rondana de presión 3/8;;ACCESORIOS ;ACTUALIZADO;EL TORNILLO;$1,17;https://eltornillo.com.mx/tienda-en-linea/catalogo/rondanas/rondana-de-presion-nc-gic-3%2f8;;;;;;;;;;
65;CVVM2-6145DBYA-EP-121;"MOTORREDUCTOR CYCLOIDAL MONTAJE VERTICAL CON BRIDA LADO BAJA
VELOCIDAD PARA SU MONTAJE, DE 2 HP., 1750 RPM. DE ENTRADA, RELACION DE
REDUCCION 121:1, 14.5 RPM. A LA SALIDA, ACOPLADO CON MOTOR ELECTRICO
EFICIENCIA PREMIUM 3/60 Hz. 230/460 VOLTS, PAR MAXIMO 7,890 Lb-in, CLASE
AGMA I, FACTOR DE SERVICIO 1.01, EJES PARALELOS, MARCA SUMITOMO, MODELO
CVVM2-6145DBYA-EP-121";;MOTORES;ACTUALIZADO;ENERGÍA CONTROLADA DE MÉXICO S.A. DE C.V.;$63.499,78;https://energiacontrolada.com/;;;;;;;;;;
66;E6B2-CWZ1X 600 P/R.;"Enconder Incremental Rotatorio Cat. E6b2-cwz1x 600p/r Omron. (hay 2 en existencia)
Voltaje de alimentación 5VDC, 70mA, Canales de salida A, B, Z (Reversibles)
RS-422";;ENCODER;ACTUALIZADO;MERCADO LIBRE  ;$1.900,00;https://www.mercadolibre.com.mx/enconder-incremental-rotatorio-cat-e6b2cwz1x-600pr-omron/up/MLMU3228729513?pdp_filters=item_id:MLM2338289361;;;;;;;;;;
67;V3;"Flejadora De Mano Automática Batería Recargable Para FlejeBatería de litio de 4000 mAh, carga completa en 90 minutos para más de 350 flejados.
Fuerza de tensión de 3200 N para un flejado eficiente.";;FLEJADORAS;ACTUALIZADO;MERCADO LIBRE  ;$7.896,96;https://www.mercadolibre.com.mx/flejadora-de-mano-automatica-bateria-recargable-para-fleje/p/MLM46244189#polycard_client=search-nordic&search_layout=grid&position=1&type=product&tracking_id=44d039e5-1eba-419d-87f8-a829daba7514&wid=MLM3573201890&sid=search;MERCADO LIBRE; $7.788,96 ;https://www.mercadolibre.com.mx/flejadora-de-mano-automatica-bateria-recargable-para-fleje/p/MLM46244189?pdp_filters=shipping:fulfillment#intervention_type=full&position=1&search_layout=grid&type=cart_intervention&tracking_id=b9abc603-f664-4754-94e9-8c7cf624cbdf;;;;;;;
68;;Flejadora eléctrica automática con batería de larga duración de 2 x 4000 mAh, herramienta de flejado PP/PET de 0.4-0.6 pulgadas de ancho, visualización digital, fácil de usar;;FLEJADORAS;ACTUALIZADO;AMAZON;$8.259,04;https://www.amazon.com.mx/Flyrivergo-Flejadora-el%C3%A9ctrica-autom%C3%A1tico-visualizaci%C3%B3n/dp/B0DLG2FJ85/ref=asc_df_B0DLG2FJ85?mcid=dcccfbfb44ce38ea9f3055b06861b975&tag=gledskshopmx-20&linkCode=df0&hvadid=746085284773&hvpos=&hvnetw=g&hvrand=17091493621930907846&hvpone=&hvptwo=&hvqmt=&hvdev=c&hvdvcmdl=&hvlocint=&hvlocphy=1010058&hvtargid=pla-2397686851358&psc=1&language=es_MX&gad_source=1;;;;;;;;;;
69;JBK3-630VA;"Transformador De Control Andeli 630va Plateado
Voltaje de entrada: 110-440VAC
Voltaje de salida: 12, 24, 110 y 220VAC";;MATERIAL ELECTRICO;ACTUALIZADO;MERCADO LIBRE  ;$2.880,00;https://www.mercadolibre.com.mx/transformador-de-control-andeli-630va/up/MLMU3482584306?pdp_filters=item_id:MLM2491903927#is_advertising=true&searchVariation=MLMU3482584306&backend_model=search-backend&position=8&search_layout=grid&type=pad&tracking_id=025d30c8-1346-4c2e-a462-a3bfddc1528d&ad_domain=VQCATCORE_LST&ad_position=8&ad_click_id=YTY4Zjc1MTktYWIwYS00YWU5LWE3ZjItOGE4Y2RjYmQ1MDMz;;;;;;;;;;
70;40.52.8.230.0000;FINDER RELEVADOR MINI 2CC 8AMP 230VAC 2P2T 8PIN DOBLE POLO, DOBLE TIRO;;MATERIAL ELECTRICO;ACTUALIZADO;EGA Industrial;$140,00;Cotizacion del 27 enero 2026;;;;;;;;;;
71;5SL6120-7CC;Interruptor automático 230/400V 6kA, 1 polo, Curva de disparo C, 20 A;;PROTECCION ELECTRICA;ACTUALIZADO;Ega Industrial;$105,00;Cotizacion del 27 enero 2026;;;;;;;;;;
72;704200;"Fusible 200Amp curva K (De acción rápida)
Fusible de potencia tipo SMU20 34.5 kv 200 Amp, cat 704200 S&C";;PROTECCION ELECTRICA;ACTUALIZADO;Moises Gazca ;$5.500,00;Cotizacion del 27 enero 2026;;;;;;;;;;
73;95.05SPA;"Base Relevador 8 pines 10A; 250VAC; Para montaje en riel DIN; -40÷70°C; IP20";;MATERIAL ELECTRICO;ACTUALIZADO;EGA Industrial;$80,00;Cotizacion del 27 enero 2026;;;;;;;;;;
74;ELT-50;CONECTOR RECTO PARA TUBO LICUATITE DE 13 MM (1/2) CON ALMA DE ACERO;;MATERIAL ELECTRICO;ACTUALIZADO;Euroelectrica ;$25,70;https://euroelectrica.com.mx/producto/elt-50-conector-recto-para-tubo-licuatite-de-13-mm-1-2-marca-crouse-hinds-domex/;;;;;;;;;;
75;ELT-75;CONECTOR RECTO PARA TUBO LICUATITE DE 19MM (3/4) CON ALMA DE ACERO;;MATERIAL ELECTRICO;ACTUALIZADO;Euroelectrica ;$35,25;https://euroelectrica.com.mx/producto/elt-75-conector-recto-para-tubo-licuatite-de-19mm-3-4-mca-cch/;;;;;;;;;;
76;THW-2-LS ;CABLE DE COBRE TIPO THW LS DE CAL. 14 AWG Color Negro ;;MATERIAL ELECTRICO;ACTUALIZADO;Euroelectrica ;$12,60;https://euroelectrica.com.mx/producto/cable-de-cobre-tipo-thw-ls-de-cal-14-awg-600v-viakon/;;;;;;;;;;
77;THHW-LS;CABLE THWLS VINANEL-XXI CAL. 14 AWG. 600V. 90°C COLOR VERDE;;MATERIAL ELECTRICO;ACTUALIZADO;Euroelectrica ;$12,11;https://euroelectrica.com.mx/producto/cable-thwls-vinanel-xxi-cal-14-awg-600v-90c-color-verde-mca-condumex/;;;;;;;;;;
78;YSLCY-JZ;Cable multiconductor, 5 hilos, bindado Calve: 0302050050;;MATERIAL ELECTRICO;ACTUALIZADO;IKA TECHNOLOGY;$30,50;Cotización IKA technology ;;;;;;;;;;
80;"
V6K2525";Canaleta ranurada de plástico gris 25x25;;MATERIAL ELECTRICO;ACTUALIZADO;MERCADO LIBRE  ;$103,50;https://www.mercadolibre.com.mx/canaleta-ranurada-25x25-de-1-metro/up/MLMU2986577640?pdp_filters=item_id%3AMLM2227652121#origin%3Dshare%26sid%3Dshare%26wid%3DMLM2227652121;;;;;;;;;;
81;FD-HCB2; Cable para sensor de flujo tipo abrazadera M12 cable de alimentación, 8 pines, 2 m KEYENCE ;;ALIMENTACIÓN;ACTUALIZADO;KEYENCE ;$1.120,00;Cotizacion del 26 enero 2026 - 11278159;;;;;;;;;;
82;G2R-2-SN 230V;"Relé electromagnético; DPDT; Uinductor: 230VAC; Icantactosmáx: 5A  sin base OMRON ";;MATERIAL ELECTRICO;ACTUALIZADO;TME ;$278,82;https://www.tme.com/mx/es/details/g2r-2-sn-230ac/reles-electromagn-industriales/omron/g2r-2-sn-230vac-s/;;;;;;;;;;
83;303020;"Gabinete Metálico 
IP66 300 X 300 X 200
Profundidad: 20 cm
Ancho: 30 cm
Largo: 30 cm";;MATERIAL ELECTRICO;ACTUALIZADO;MERCADO LIBRE  ;$1.031,00;https://www.mercadolibre.com.mx/gabinete-metalico-30x30x20-con-platina/up/MLMU564347200#polycard_client=search-desktop&search_layout=grid&position=1&type=product&tracking_id=6b16ca34-16a0-45dd-99b6-c137fc864e1b&wid=MLM1983965809&sid=search;;;;;;;;;;
84;46384;"Gabinete Metálico de acero Voltek
IP66 400 X 400 x 200
Profundidad: 20 cm.
Ancho: 40 cm.
Largo: 40 cm.
Calibre de lámina 1.2mm";;MATERIAL ELECTRICO;ACTUALIZADO;MERCADO LIBRE  ;$1.425,00;https://www.mercadolibre.com.mx/gabinete-metalico-400-x-400-mm-volteck-46384/p/MLM26320456?pdp_filters=item_id%3AMLM2058098453#origin%3Dshare%26sid%3Dshare%26wid%3DMLM2058098453;;;;;;;;;;
85;TLIC13;TUBO FLEXIBLE DE ACERO FORRADO DE PVC (LICUATITE) DE 13 MM (1/2);;MATERIAL ELECTRICO;ACTUALIZADO;Euroelectrica ;$51,25;https://euroelectrica.com.mx/producto/tubo-flexible-de-acero-forrado-de-pvc-licuatite-de-13-mm-1-2-marca-tubos-mexicanos-flexibles/;;;;;;;;;;
86;TLIFLEX19;TUBO LICUAFLEX CON ALMA DE ACERO FORRADO DE PVCDE 19MM (3/4) ;;MATERIAL ELECTRICO;ACTUALIZADO;Euroelectrica ;$31,37;https://euroelectrica.com.mx/producto/tubo-licuaflex-de-19mm-3-4-marca-tubos-mexicanos-flexibles/;;;;;;;;;;
87;LSLV0015G100-2EONN;"VARIADOR DE FRECUENCIA LS ELECTRIC DE LA FAMILIA G100, 2HP DE POTENCIA, 
ALIMENTACIÓN Y SALIDA 240V, 3 FASES CORRIENTE NOMINAL DE SALIDA 8.4-10.8A";;VARIADOR;ACTUALIZADO;Galco ;$6.948,50;https://www.galco.com/lslv0015g100-2eonn-lsea.html?srsltid=AfmBOopaAQuORuTPFS-xBGBdS1vUDwlyIz3G_P2nxsf_eDo2qi2yorxs;;;;;;;;;;
88;PNOZ S5;"24VDC 2 N/O 2 N/O T Pilz Configurable 24 V dc Safety Relay Dual Channel with 2 Safety Contacts
TIEMPO CONFIGURABLE";;SEGURIDAD IND;ACTUALIZADO;MERCADO LIBRE  ;$9.000,00;https://www.mercadolibre.com.mx/relevador-pnoz-s5-c-24vdc-2-no-2-no-t-resorte-pilz-751105/p/MLM28209326?pdp_filters=item_id%3AMLM4454511478#origin%3Dshare%26sid%3Dshare%26wid%3DMLM4454511478;;;;;;;;;;
89;3590S;Potenciometro De Precisión Con Perilla 10k, 2W.;;ACCESORIOS ;NO ACTUALIZADO;MERCADO LIBRE  ;$104,90;https://www.mercadolibre.com.mx/potenciometro-5k-ohm-2w-multivuelta-precision-ajustable/p/MLM2060521617?pdp_filters=item_id:MLM1841176928#is_advertising=true&searchVariation=MLM2060521617&backend_model=search-backend&position=1&search_layout=grid&type=pad&tracking_id=c750fb5a-caf7-4f39-95d8-af5ae425ce5a&ad_domain=VQCATCORE_LST&ad_position=1&ad_click_id=Y2M2MzEzNzYtZDA3Zi00NzNlLThiYjktZTBlZGQ3ZTgzZThk;;;;;;;;;;
90;QRA4.U;Detectores de llamapara controles de quemador Siemens, para la monitorización de llamas de gas y llamas de aceite.;;SENSORES;ACTUALIZADO;ALIEXPRESS;$2.243,00;https://es.aliexpress.com/item/1005008524600237.html?spm=a2g0o.productlist.main.4.299acAoncAonxj&algo_pvid=3d6839c5-1837-49d2-b041-abbc91e0114b&algo_exp_id=3d6839c5-1837-49d2-b041-abbc91e0114b-3&pdp_ext_f=%7B%22order%22%3A%22-1%22%2C%22eval%22%3A%221%22%2C%22fromPage%22%3A%22search%22%7D&pdp_npi=6%40dis%21MXN%211228.90%211228.90%21%21%21486.37%21486.37%21%402101e62517697277988601662e6953%2112000045555336128%21sea%21MX%210%21ABX%211%210%21n_tag%3A-29910%3Bd%3A8d82e2f1%3Bm03_new_user%3A-29895&curPageLogUid=W3OGoySWA3Vp&utparam-url=scene%3Asearch%7Cquery_from%3A%7Cx_object_id%3A1005008524600237%7C_p_origin_prod%3A;;;;;;;;;;
91;514500000;Guía de montaje, Accesorios, Acero, chapado en zinc galvanizado y pasivado, 1 mtro , Altura: 35 mm, Profundidad: 7.5 mm;;MATERIAL ELECTRICO;ACTUALIZADO;MERCADO LIBRE  ;$150,00;https://www.mercadolibre.com.mx/riel-din-1-metro-weidmuller/up/MLMU585828664?pdp_filters=item_id%3AMLM2784780012#origin%3Dshare%26sid%3Dshare%26wid%3DMLM2784780012;;;;;;;;;;
92;S202C1; INTERRUPTOR TERMOMAGNETICO RIEL DIN S202-C1 480VCA 6KA, 1A, 2 Polos;;PROTECCION ELECTRICA;ACTUALIZADO;BADESA ;$305,90;Cotizacion Badesa LE 78119;;;;;;;;;;
93;S203-K16; INTERRUPTOR TERMOMAGNETICO RIEL DIN Número de polos 3, Corriente nominal In 16 A, Tensión nominal de aislamiento máxima Ue 440V, Curva de disparo D;;PROTECCION ELECTRICA;ACTUALIZADO;MERCADO LIBRE  ;$999,00;https://www.mercadolibre.com.mx/interruptor-automatico-s203-k16-3p-k-16a-2cds253001r0467/p/MLM2055010463?pdp_filters=item_id%3AMLM1556080102#origin%3Dshare%26sid%3Dshare%26wid%3DMLM1556080102;;;;;;;;;;
94;SDE-100A2 ;"Controlador de servomotor Shihlin SDE-100A2 de 1 kW
- Potencia: 1kW
- Tensión de alimentación: 1P/3P 200-140VAC, 50/60Hz
- Voltaje de salida: 0-240 V CA, 0-250 Hz";;SERVODRIVES;ACTUALIZADO;ALIEXPRESS;$9.500,00;https://es.aliexpress.com/item/1005010367672947.html?spm=a2g0o.productlist.main.2.208aRlMFRlMFMj&algo_pvid=ae0f116b-26d9-4839-a00b-f5aeeeeab783&algo_exp_id=ae0f116b-26d9-4839-a00b-f5aeeeeab783-1&pdp_ext_f=%7B%22order%22%3A%22-1%22%2C%22eval%22%3A%221%22%2C%22fromPage%22%3A%22search%22%7D&pdp_npi=6%40dis%21MXN%219407.26%218936.90%21%21%213720.05%213534.05%21%4021032f3717696234677471683ed18f%2112000052156159667%21sea%21MX%210%21ABX%211%210%21n_tag%3A-29910%3Bd%3A486af066%3Bm03_new_user%3A-29895&curPageLogUid=CU9yzchQVJ5x&utparam-url=scene%3Asearch%7Cquery_from%3A%7Cx_object_id%3A1005010367672947%7C_p_origin_prod%3A;;;;;;;;;;
95;S/N;"Suministro de transformador monofasico
tipo poste 25 KVA, 13200 V, 240/120 V
norma K";;ALIMENTACIÓN;ACTUALIZADO;BARRANGEL INSTALACIONES Y EQUIPO ELECTRICO;$52.500,00;PRESUPUESTO N° TEM0326;;;;;;;;;;
96;US4X2;PERFIL UNICANAL SOLIDO 4X2 3MTS CAL 16.;;MATERIAL ELECTRICO;ACTUALIZADO;Euroelectrica ;$219,81;COMPRA FOLIO XLA84846 28012026;;;;;;;;;;
97;TPD13;TUBO PARED DELGADA 13MM (1/2), 3 MTS;;MATERIAL ELECTRICO;ACTUALIZADO;Euroelectrica ;$63,96;COMPRA FOLIO XLA84845 28012026;;;;;;;;;;
98;CPD13;CODO PARED DELGADA 13MM (1/2 );;MATERIAL ELECTRICO;ACTUALIZADO;Euroelectrica ;$16,17;COMPRA FOLIO XLA84845 28012026;;;;;;;;;;
99;COPLE13TADO;COPLE PARA TUBO PARED DELGADA DE 13MM (1/2) TIPO AMERICANO MCA. CCH;;MATERIAL ELECTRICO;ACTUALIZADO;Euroelectrica ;$5,94;COMPRA FOLIO XLA84845 28012026;;;;;;;;;;
100;CONECTOR13TADO;CONECTOR PARA TUBO PARED DELGADA DE 13MM (1/2) TIPO AMERICANO ;;MATERIAL ELECTRICO;ACTUALIZADO;Euroelectrica ;$6,72;COMPRA FOLIO XLA84845 28012026;;;;;;;;;;
101;WDL0808P;CAJA ESTANCAS IP 55 80X80X45 CON LADOS DOBLADOS Y TAPA A PRESION ;;MATERIAL ELECTRICO;ACTUALIZADO;Euroelectrica ;$25,37;COMPRA FOLIO XLA84845 28012026;;;;;;;;;;
102;UNIST13;Abrazadera Unicanal p/Conduit EMT 13 mm (1/2?;;MATERIAL ELECTRICO;ACTUALIZADO;Euroelectrica ;$6,24;COMPRA FOLIO XLA84845 28012026;;;;;;;;;;
103;COPLE13PG;COPLE PARED GRUESA DE 13MM(1/2);;MATERIAL ELECTRICO;ACTUALIZADO;Euroelectrica ;$5,88;COMPRA FOLIO XLA84845 28012026;;;;;;;;;;
104;10-008-1/4X2-1/4;TAQUETE ARPON GALVANIZADO  1/4 X2 -1/4;;MATERIALES MECÁNICOS;ACTUALIZADO;EL TORNILLO ;$4,38;COMPRA FOLIO 0029675 30012026;;;;;;;;;;
105;10-008-3/8X3;TAQUETE ARPON GALVANIZADO 3/8X3;;MATERIALES MECÁNICOS;ACTUALIZADO;EL TORNILLO ;$9,12;COMPRA FOLIO 0029675 30012026;;;;;;;;;;
106;;PLACA BASE 45X45;;MATERIALES MECÁNICOS;ACTUALIZADO;DMI ;$1.029,10;SEVICIO 23153100;;;;;;;;;;
107;DMI-R6-2020L;Perfil 20X20  R6;;MATERIALES MECÁNICOS;ACTUALIZADO;DMI ;;;;;;;;;;;;
108;DMI-R8-3030L ;PERFIL 30X30 R8;;MATERIALES MECÁNICOS;ACTUALIZADO;DMI ;;;;;;;;;;;;
109;DMI-R10-4040L ;PERFIL 40X40 R10;;MATERIALES MECÁNICOS;ACTUALIZADO;DMI ;;;;;;;;;;;;
110; DMI-R10-4545L;PERFIL 45X45 R10;;MATERIALES MECÁNICOS;ACTUALIZADO;DMI ;;;;;;;;;;;;
111;DMI-3024-45 ;ESCUADRA PERFIL 4545;;MATERIALES MECÁNICOS;ACTUALIZADO;DMI ;;;;;;;;;;;;
112; H07Z1-K ;CABLE AMARILLO/VERDE CALIBRE 14AWG (2,5MM2) H07Z-K (a partir de 1,5 mm: 450/750 V. ;;MATERIAL ELECTRICO;ACTUALIZADO;IKA TECHNOLOGY;$17,15;"COTIZACIÓN IKA TECHNOLOGY
COTIZACIÓN No. : M0000000322";;;;;;;;;;
113;7000-50021-9615000 ;"Cable de alimentación 7/8"" para módulos ET200 Pro - 50 metros Marca Murr";;ALIMENTACIÓN;ACTUALIZADO;KOPAR;$34.680,49;"COTIZACIÓN KOPAR
COTIZACIÓN: PV091814";;;;;;;;;;
114;7000-44711-6593500 ;Cable de comunicación profinet M12/RJ45 - 35 metros;;COMUNICACIÓN;ACTUALIZADO;KOPAR;$12.405,31;"COTIZACIÓN KOPAR
COTIZACIÓN: PV091814";;;;;;;;;;
115;7000-40021-6343000 ;Cable para sensor M12-M12 Macho/Hemba 30 metros;;SENSORES;ACTUALIZADO;KOPAR;$3.668,16;"COTIZACIÓN KOPAR
COTIZACIÓN: PV091814";;;;;;;;;;
116;7000-40021-6343500 ;Cable para sensor M12-M12 Macho/Hemba 35 metros;;SENSORES;ACTUALIZADO;KOPAR;$4.182,70;"COTIZACIÓN KOPAR
COTIZACIÓN: PV091814";;;;;;;;;;
117;7000-40021-6345000 ;Cable para sensor M12-M12 Macho/Hemba 50 metros;;SENSORES;ACTUALIZADO;KOPAR;$5.984,60;"COTIZACIÓN KOPAR
COTIZACIÓN: PV091814";;;;;;;;;;
118;7000-40021-6342000 ;Cable para sensor M12-M12 Macho/Hemba 20 metros;;SENSORES;ACTUALIZADO;KOPAR;$2.401,39;"COTIZACIÓN KOPAR
COTIZACIÓN: PV091814";;;;;;;;;;
119;7000-40021-6344000 ;Cable para sensor M12-M12 Macho/Hemba 40 metros;;SENSORES;ACTUALIZADO;KOPAR;$4.696,20;"COTIZACIÓN KOPAR
COTIZACIÓN: PV091814";;;;;;;;;;
120;7000-44711-6594000 ;Cable de comunicación profinet M12/RJ45 - 40 metros;;COMUNICACIÓN;ACTUALIZADO;KOPAR;$14.007,26;"COTIZACIÓN KOPAR
COTIZACIÓN: PV091814";;;;;;;;;;
121;CTHW3/0C;CABLE CON AISLAMIENTO TIPO THW CAL.3/0 AWG 90° 600V COLOR NEGRO ;;MATERIAL ELECTRICO;ACTUALIZADO;Euroelectrica;$282,07;Cotizacion Euroelectrica 13/02/2026 L315116;;;;;;;;;;
122;CTHW2N;CABLE CON AISLAMIENTO TIPO THW CAL.2 AWG 90° 600V COLOR NEGRO ;;MATERIAL ELECTRICO;ACTUALIZADO;Euroelectrica;$113,11;Cotizacion Euroelectrica 13/02/2026 L315116;;;;;;;;;;
123;CTHW8N;CABLE CON AISLAMIENTO TIPO THW CAL.8 AWG 90° 600V COLOR NEGRO ;;MATERIAL ELECTRICO;ACTUALIZADO;Euroelectrica;$29,14;Cotizacion Euroelectrica 13/02/2026 L315116;;;;;;;;;;
124;CTHW10N;CABLE CON AISLAMIENTO TIPO THW CAL.10 AWG 90° 600V COLOR NEGRO ;;MATERIAL ELECTRICO;ACTUALIZADO;Euroelectrica;$18,16;Cotizacion Euroelectrica 13/02/2026 L315116;;;;;;;;;;
125;CTHW12N;CABLE CON AISLAMIENTO TIPO THW CAL.12 AWG 90° 600V COLOR NEGRO ;;MATERIAL ELECTRICO;ACTUALIZADO;Euroelectrica;$11,48;Cotizacion Euroelectrica 13/02/2026 L315116;;;;;;;;;;
126;CTHW14N;CABLE CON AISLAMIENTO TIPO THW CAL.14 AWG 90° 600V COLOR NEGRO ;;MATERIAL ELECTRICO;ACTUALIZADO;Euroelectrica;$8,17;Cotizacion Euroelectrica 13/02/2026 L315116;;;;;;;;;;
127;777024507;"CABLE M-H 7/8"", 5 PIN, AMARILLO, 50m MOD. RSM RKM 56-50M/S3059. MARCA: TURCK";;ALIMENTACIÓN;ACTUALIZADO;ABETEC;$13.740,00;Cotizacion ABETEC 01-SSEPI-2026;;;;;;;;;;
128;777006937;"CABLE ETH M12 (D-CODE) A RJ45, 30m, BLINDADO, AZUL/VERDE, 30m 
MOD. RSSD RJ45S 441-30M MARCA: TURCK";;COMUNICACIÓN;ACTUALIZADO;ABETEC;$3.792,24;Cotizacion ABETEC 01-SSEPI-2026;;;;;;;;;;
129;777002622;"CABLE H-M, M12, 4 PIN, AMARILLO, 30m
MOD. RKC 4.4T-30-RSC 4.4T/S1587  MARCA: TURCK";;SENSORES;ACTUALIZADO;ABETEC;$4.069,62;Cotizacion ABETEC 01-SSEPI-2026;;;;;;;;;;
130;777008487;"CABLE H-M, M12, 4 PIN, AMARILLO, 35m
MOD. RK 4.4T-35-RS 4.4T/S1587  MARCA: TURCK";;SENSORES;ACTUALIZADO;ABETEC;$4.204,26;Cotizacion ABETEC 01-SSEPI-2026;;;;;;;;;;
131;777008487;"CABLE H-M, M12, 4 PIN, AMARILLO, 50m 
MOD. RK 4.4T-50-RS 4.4T/S1587  MARCA: TURCK";;SENSORES;ACTUALIZADO;ABETEC;$5.725,62;Cotizacion ABETEC 01-SSEPI-2026;;;;;;;;;;
132;777008487;"CABLE H-M, M12, 4 PIN, AMARILLO, 20m 
MOD. RK 4.4T-20-RS 4.4T/S1587 MARCA: TURCK";;SENSORES;ACTUALIZADO;ABETEC;$2.682,72;Cotizacion ABETEC 01-SSEPI-2026;;;;;;;;;;
133;777008487;"CABLE H-M, M12, 4 PIN, AMARILLO, 40m 
MOD. RK 4.4T-40-RS 4.4T/S1587  MARCA: TURCK";;SENSORES;ACTUALIZADO;ABETEC;$4.711,32;Cotizacion ABETEC 01-SSEPI-2026;;;;;;;;;;
134;777035863;"CABLE ETH M12 (D-CODE) A RJ45, 30m, NO BLINDADO, GRIS, 45m 
RSCD RJ45 440G-45M  MARCA: TURCK";;COMUNICACIÓN;ACTUALIZADO;ABETEC;$4.431,44;Cotizacion ABETEC 01-SSEPI-2026;;;;;;;;;;
135;EPL5K2FVR;"Regulador Epcom Epl5k2fvr 5 Kva / 5000 W, Entrada 120 V, Negro, Ancho: 243 mm, Profundidad:180 mm, Altura: 342 mm
";;ALIMENTACIÓN;ACTUALIZADO;ZEGUCOM;$6.783,66;https://www.zegucom.com.mx/producto/reguladores-nobreaks-y-energia/reguladores/regulador-epcom-epl5k2fvr-5-kva-5000-w-entrada-120-v-negro/RVBMNUsyRlZS;;;;;;;;;;
136;00-1588-3;Regulador Koblenz Er-2250 2.25 Kva / 1000w, Energia 134 J, Entrada 145 V, Salida 132v, 60hz, 8 Salidas Ac, Compacto, Indicadores Led, Color Negro;;ALIMENTACIÓN;ACTUALIZADO;ZEGUCOM;$614,97;https://www.zegucom.com.mx/producto/reguladores-nobreaks-y-energia/reguladores/regulador-koblenz-er-2250-2-25-kva-1000w-energia-134-j-entrada-145-v/MDAtMTU4OC0z;;;;;;;;;;
137;12860555;Motor Weg Trifásico 15 Hp 1750 Rpm, Carcasa 254/6T, Tensión nominal 208-230/460 V, Corriente nominal 39.8-36.0/18.0 A;;MOTORES;ACTUALIZADO;HAB;$17.897,64;"Cotización:16082
COMERCIALIZADORAYDISTRIBUIDORAELECTRICAHAB";;;;;;;;;;
138;LSLV0110S100-2EONNS;" VARIADOR DE FRECUENCIA S100 15HP DE POTENCIA, ALIMENTACIÓN Y SALIDA 230V, 3 FASES 
";;VARIADOR;ACTUALIZADO;DOMUM ;$26.280,00;25/02/2026 Número de cotización S02894;;;;;;;;;;
139;LSLV0110G100-2EONN;VARIADOR FAMILIA G100, 15HP DE POTENCIA, ALIMENTACIÓN Y SALIDA 230V, 3 FASES ;;VARIADOR;ACTUALIZADO;DOMUM ;$24.888,00;25/02/2026 Número de cotización S02894;;;;;;;;;;
140;VFD500-011GT2B;"Variador de Frecuencia Trifásico
15 hp VFD500-011GT2B, 200 
240 VAC, 45 AMP";;VARIADOR;ACTUALIZADO;VEIKONG;$21.738,68;25/02/2026 Número de cotización #D11704;;;;;;;;;;
141;NH00-80A;"Juego de 3 Fusibles tipo cuchilla,
Tamańo NH00 , Acción Rapida
(AR), 690VAC, 80 Amp, 100kA,
para variador modelo:VFD500
011GT2B; 022G/030PT4B";;PROTECCION ELECTRICA;ACTUALIZADO;VEIKONG;$735,09;25/02/2026 Número de cotización #D11704;;;;;;;;;;
142;65fcc48c8fdc4;"Seccionador Portafusible 3 Polos
, tipo: NH00, Modelo:DNH7
160/300, 400/690 Vac, 60Hz.";;PROTECCION ELECTRICA;ACTUALIZADO;VEIKONG;$756,49;25/02/2026 Número de cotización #D11704;;;;;;;;;;
143;E820-0470EPA-60;Variador de Frecuencia Mitsubishi Electric (serie FREQROL FR-E800) - entrada 200Vac-240Vac (trifásico/3P) - 11kW/15HP - 47A (ND Normal Duty) - frecuencia (salida) 0,2-590Hz - con Ethernet + Ethernet/IP + CC-Link + Modbus TCP + BACnet/Capacidad de comunicación IP - IP20 - valores nominales de tensión de entrada 220Vac / 230Vac - Resistencia química (recubrimiento de placa de circuito - IEC60721-3-3 3S2 3C2) - equivalente a FR-E820-0470EPA-60 / FRE8200470EPA60;;VARIADOR;ACTUALIZADO;IkA TECHNOLOGY;$25.785,28;25/02/2026 Número de cotización M0000000323;;;;;;;;;;
144;E820-0470-5-60;Variador de frecuencia Mitsubishi Electric (serie FREQROL FR-E800) - entrada 200Vac-240Vac (trifásico/3P) - 11kW / 15HP - 47A (ND Normal Duty) - frecuencia (salida) 0,2-590Hz - con capacidad de comunicación RS-485 - IP20 - valores nominales de voltaje de entrada 220Vac / 230Vac - Resistencia química (recubrimiento de placa de circuito - IEC60721-3-3 3S2 3C2) - equivalente a FR-E820-0470-5-60 / FRE8200470560;;VARIADOR;ACTUALIZADO;IKA TECHNOLOGY;$22.133,51;25/02/2026 Número de cotización M0000000323;;;;;;;;;;
145;ACS355-03E46A2-2;Variador de frecuencia compacto y versátil de 11 kW (15 HP), diseńado para motores de inducción y de imanes permanentes en aplicaciones industriales exigentes. Opera con entrada trifásica 200-240V, ofrece una corriente de salida de 46.2A, incluye frenado integrado y destaca por su fácil configuración y control vectorial preciso;;VARIADOR;ACTUALIZADO;BADESA ;$20.885,94;25/02/2026 Número de cotización   79134;;;;;;;;;;
146;PNOZ s5 24VDC 2 n/o 2 n/o t, 750105;Dispositivo de seguridad PNOZsigma (standalone), entradas: conexionado monocanal/bicanal con/sin detección de derivación, rearme manual/automático, salidas: 2 NA, 2 Sz (t = 0,04 - 300 s), 1 SEMIC., UB= 24 V DC, ancho: 22,5 mm, bornes de tornillo enchufables, supervisión de parada deemergencia, puertas protectoras, barreras fotoeléctricas de seguridad.;;SEGURIDAD IND;ACTUALIZADO;ACOME;$12.300,00;https://www.acomee.com.mx/articulo.php?search=PNOZ-S5-24VDC&id=PILZ;;;;;;;;;;
147;PNOZ e3.1p 24VDC 2so;Dispositivo de seguridad (standalone), entradas: conexionado bicanal con/sin detección de derivación (PSEN 2.1p/2.2p), salidas: 2 salidas de seguridad, 1 salida auxiliar por semiconductor, rearme automático/supervisado, UB = 24 V DC, ancho: 22,5 mm, bornes de tornillo enchufables, vinculación de varios dispositivos, puertas protectoras, circuito de realimentación.;;SEGURIDAD IND;ACTUALIZADO;ACOME;$6.315,46;https://www.acomee.com.mx/articulo.php?search=PNOZ-E3.1P&id=PILZ&pro=;;;;;;;;;;
148;EWZ0046;"Connectors Type EWZ0046 Number of poles 9
Connection type Insul. displacemnt connection
Rated current 5 A OEM number
QEV111AC6MVR";;COMUNICACIÓN;ACTUALIZADO;SUCOMO;$3.238,90;06/03/2026 Número de cotización B 263;;;;;;;;;;
149;LS14250;Batería Saft 14250 Ls14250 3.6v 1200mah 1/2 Aa Uso Especial;;ALIMENTACIÓN;ACTUALIZADO;MERCADO LIBRE;$165,00;https://www.mercadolibre.com.mx/bateria-saft-14250-ls14250-36v-1200mah-12-aa-uso-especial/up/MLMU3518773335?matt_tool=28238160&utm_source=google_shopping&utm_medium=organic&pdp_filters=item_id%3AMLM4287942156&from=gshop;MERCADO LIBRE;$249,00;https://www.mercadolibre.com.mx/bateria-saft-12aa-litio-cilindrica-36v-1200mah-ls14250/p/MLM22858831#polycard_client=search-desktop&search_layout=grid&position=4&type=product&tracking_id=d0b5fb56-0013-41f9-bddd-ca86df6dc450&wid=MLM2682524409&sid=search;;;;;;;
150;6GK15622AA00;PROCESADOR DE COMUNIC. CP 5622 TARJ. PCI;;COMUNICACIÓN;ACTUALIZADO;AK CORPORATION;$20.401,82;06/03/2026 Número de cotización V19104;AMAZON; $10.694,04 ;https://www.amazon.com.mx/BXNXLX-Nuevo-6GK1562-2AA00-6GK15622AA00-Expedited/dp/B0D1N8TH19;ALI EXPRESS; $11.104,90 ;https://es.aliexpress.com/item/1005009132832615.html?spm=a2g0o.productlist.main.7.17b6JJ1OJJ1Oa9&algo_pvid=d98d0208-56fc-43e5-beed-0ce632eb1a97&algo_exp_id=d98d0208-56fc-43e5-beed-0ce632eb1a97-6&pdp_ext_f=%7B%22order%22%3A%22-1%22%2C%22spu_best_type%22%3A%22price%22%2C%22eval%22%3A%221%22%2C%22fromPage%22%3A%22search%22%7D&pdp_npi=6%40dis%21MXN%2110694.90%2110694.90%21%21%21594.03%21594.03%21%402103128917731788052087436ed061%2112000048031040451%21sea%21MX%217056288988%21X%211%210%21n_tag%3A-29911%3Bd%3A8d82e2f1%3Bm03_new_user%3A-29895&curPageLogUid=8r7SQpwEPIZb&utparam-url=scene%3Asearch%7Cquery_from%3A%7Cx_object_id%3A1005009132832615%7C_p_origin_prod%3A;;;;
151;Q35B;Q SERIES, BASE UNIT, 5 SLOT MITSUBISHI;;PLC'S;ACTUALIZADO;LUGUER;$4.326,30;03/03/2026 Número de cotización #COTL11992;IkA TECHNOLOGY;$4.740,12;04/03/2026 Número de cotización M0000000331;;;;;;;
152;Q61P;"POWER SUPPLY, 100V-240VAC, 5VDC,
6A
";;PLC'S;ACTUALIZADO;LUGUER;$5.288,94;03/03/2026 Número de cotización #COTL11992;IkA TECHNOLOGY;$5.796,00;04/03/2026 Número de cotización M0000000330;ULTATEK; $5.355,72 ;11/03/2026 Número de cotización AGS017-LMC110326;;;;
153;Q04UDVCPU;VUP CPU+ENET,IQ,40K STEP,4096 I/O;;PLC'S;ACTUALIZADO;LUGUER;$47.858,40;03/03/2026 Número de cotización #COTL11992;IkA TECHNOLOGY;$51.805,96;04/03/2026 Número de cotización M0000000331;;;;;;;
154;QX10;INPUT MODULE, 16 POINT, AC IN;;PLC'S;ACTUALIZADO;LUGUER;$4.181,40;03/03/2026 Número de cotización #COTL11992;IkA TECHNOLOGY;$4.526,30;04/03/2026 Número de cotización M0000000331;;;;;;;
155;QY10;"OUTPUT MODULE, 16 POINT, RELAY
OUT
";;PLC'S;ACTUALIZADO;LUGUER;$5.195,70;03/03/2026 Número de cotización #COTL11992;IkA TECHNOLOGY;$5.624,26;04/03/2026 Número de cotización M0000000331;;;;;;;
156;Q33B;Q SERIES, BASE UNIT, 3 SLOT;;PLC'S;ACTUALIZADO;IkA TECHNOLOGY;$4.435,20;04/03/2026 Número de cotización M0000000330;ULTATEK; $4.098,06 ;04/03/2026 Número de cotización M0000000331;;;;;;;
157;QY40P;OUTPUT MODULE 16 POINT SINK;;PLC'S;ACTUALIZADO;IkA TECHNOLOGY;$4.356,00;04/03/2026 Número de cotización M0000000330;;;;;;;;;;
158;Q04UDEHCPU;CPU, IQ, 40ksteps, 4096 I/O;;PLC'S;ACTUALIZADO;IkA TECHNOLOGY;$46.098,00;04/03/2026 Número de cotización M0000000330;ULTATEK; $42.605,28 ;11/03/2026 Número de cotización AGS017-LMC110326;;;;;;;
159;QX40;INPUT MODULE, 16 POINT, SINK DC IN;;PLC'S;ACTUALIZADO;IkA TECHNOLOGY;$4.241,16;04/03/2026 Número de cotización M0000000330;;;;;;;;;;
160;QX80;INPUT MODULE, 16 POINT SOURCE DC IN QX80;;PLC'S;ACTUALIZADO;ACOME;$7.622,24;https://www.acomee.com.mx/articulo.php?search=QX80&id=MITSUBISHI-ELECTRIC&pro=QX80;ULTATEK; $4.863,24 ;11/03/2026 Número de cotización AGS017-LMC110326;;;;;;;
161;QY80;OUTPUT MODULE, 16 POINT TRANSISTOR 12-24VDC QY80;;PLC'S;ACTUALIZADO;ACOME;$10.131,58;https://www.acomee.com.mx/articulo.php?search=QY80&id=MITSUBISHI-ELECTRIC;ULTATEK; $5.261,40 ;11/03/2026 Número de cotización AGS017-LMC110326;;;;;;;
162;FX5U-32MR/ES;"AC BASE UNIT, 16 DC IN / 16 RELAY OUTPUT
";;PLC'S;ACTUALIZADO;IkA TECHNOLOGY;$11.351,34;04/03/2026 Número de cotización M0000000330;;;;;;;;;;
163;TPG13;TUBO PARED GRUESA DE 13MM (1/2);;MATERIAL ELECTRICO;ACTUALIZADO;EUROELECTRICA;$119,73;https://euroelectrica.com.mx/producto/tubo-pared-gruesa-de-13mm-1-2/;;;;;;;;;;
164;COPLE13PG;COPLE PARED GRUESA DE 13MM(1/2);;MATERIAL ELECTRICO;ACTUALIZADO;EUROELECTRICA;$6,52;https://euroelectrica.com.mx/producto/cople-pared-gruesa-de-13mm1-2/;;;;;;;;;;
165;CPG13;CODO PARED GRUESA 13MM (1/2);;MATERIAL ELECTRICO;ACTUALIZADO;EUROELECTRICA;$26,88;https://euroelectrica.com.mx/producto/codo-pared-gruesa-13mm-1-2/;;;;;;;;;;
166;MT13;Monitor Metalico de 13 mm ( 1 / 2 ) | ANCLO;;MATERIAL ELECTRICO;ACTUALIZADO;EUROELECTRICA;$2,32;https://euroelectrica.com.mx/producto/monitor-metalico-de-13-mm-1-2-anclo/;;;;;;;;;;
167;CT13;Contratuerca Metalica Zamac de 13 mm ( 1 / 2 ) | ANCLO;;MATERIAL ELECTRICO;ACTUALIZADO;EUROELECTRICA;$1,21;https://euroelectrica.com.mx/producto/contratuerca-metalica-zamac-de-13-mm-1-2-anclo/;;;;;;;;;;
168;TPG19;TUBO PARED GRUESA DE 19MM (3/4);;MATERIAL ELECTRICO;ACTUALIZADO;EUROELECTRICA;$151,50;https://euroelectrica.com.mx/producto/tubo-pared-gruesa-de-19mm-3-4/;;;;;;;;;;
169;COPLE19PG;COPLE PARED GRUESA DE 19MM(3/4);;MATERIAL ELECTRICO;ACTUALIZADO;EUROELECTRICA;$8,96;https://euroelectrica.com.mx/producto/cople-pared-gruesa-de-19mm3-4/;;;;;;;;;;
170;CPG19;CODO PARED GRUESA DE 19MM (3/4);;MATERIAL ELECTRICO;ACTUALIZADO;EUROELECTRICA;$35,84;https://euroelectrica.com.mx/producto/codo-pared-gruesa-de-19mm-3-4/;;;;;;;;;;
171;MT19;Monitor Metalico de 19 mm ( 3 / 4 ) | ANCLO;;MATERIAL ELECTRICO;ACTUALIZADO;EUROELECTRICA;$3,79;https://euroelectrica.com.mx/producto/monitor-metalico-de-19-mm-3-4-anclo/;;;;;;;;;;
172;CT19;Contratuerca Metalica Zamac de 19 mm ( 3 / 4 ) | ANCLO;;MATERIAL ELECTRICO;ACTUALIZADO;EUROELECTRICA;$1,80;https://euroelectrica.com.mx/producto/contratuerca-metalica-zamac-de-19-mm-3-4-anclo/;;;;;;;;;;
173;6ES7 223-1BH32-0XB0;"Digital input/output module DI8 x 24VDC SINK/SOURCE and DQ8 x 24VDC; configurable input delay; plug-in terminal blocks";;PLC'S;ACTUALIZADO;DIMEINT;5,009.66;https://dimeint.com/products/6es7223-1bh32-0xb0?srsltid=AfmBOoou-MpkWdw4C_Tagfrpecnjfeg6YlfGAsNpkIyPz-sIpsDUy473;;;;;;;;;;
174;"6ES7 223-1BL32-0XB0	";"Digital input/output module DI16 x 24VDC SINK/SOURCE and DQ16 x 24VDC; configurable input delay; plug-in terminal blocks";;PLC'S;ACTUALIZADO;DIMEINT;$7.912,00;https://dimeint.com/products/6es7223-1bl32-0xb0?srsltid=AfmBOorhFBUfQ53Fg7SQooDgok7uOLaphfX2oDg2poM14RlEJ857VG1M;;;;;;;;;;
175;"6ES7 222-1BH32-0XB0	";"Digital output module DQ16 x 24VDC; SINK Output; plug-in terminal blocks";;PLC'S;Actualizado;DIMEINT;$5.009,66;https://dimeint.com/pages/productos;;;;;;;;;;
176;"6EP1961-2BA41	";Sitop Módulo de protección selectiva;;ALIMENTACIÓN;ACTUALIZADO;DIMEINT;$4.288,70;https://dimeint.com/products/6ep1961-2ba41?srsltid=AfmBOopJ_SKYW0kZixkPkx0ln4RnquKvUXI2W4bENL9gaitQuDDKCvA7;;;;;;;;;;
177;6AV2 123-2GB03-0AX0;"	7'' TFT display, 800 x 480 pixel, 64K colors; Key and Touch operation, 8 function keys; 1 x PROFINET, 1 x USB";;HMI´S;ACTUALIZADO;Aliexprex;$4.984,90;https://www.aliexpress.com/p/tesla-landing/index.html?scenario=c_ppc_item_bridge&productId=1005007426779920&_immersiveMode=true&withMainCard=true&src=google&aff_platform=true&isdl=yhttps://www.aliexpress.com/p/tesla-landing/index.html?scenario=c_ppc_item_bridge&productId=1005007426779920&_immersiveMode=true&withMainCard=true&src=google&aff_platform=true&isdl=y&src=google&albch=shopping&acnt=742-864-1166&isdl=y&slnk=&plac=&mtctp=&albbt=Google_7_shopping&aff_platform=google&aff_short_key=UneMJZVf&gclsrc=aw.ds&&albagn=888888&&ds_e_adid=&ds_e_matchtype=&ds_e_device=c&ds_e_network=x&ds_e_product_group_id=&ds_e_product_id=es1005007426779920&ds_e_product_merchant_id=5537006099&ds_e_product_country=MX&ds_e_product_language=es&ds_e_product_channel=online&ds_e_product_store_id=&ds_url_v=2&albcp=21989024792&albag=&isSmbAutoCall=false&needSmbHouyi=false&gad_source=1&gad_campaignid=21992960584&gbraid=0AAAAA99aYpcayR_Vj5XkR4A6ZAgT4VZk2&gclid=Cj0KCQjwgr_NBhDFARIsAHiUWr6Y89_LNzq8yN9lJya_jZz5BzneSlRFx22Xu17d6j8HBixdFyko_0MaAr9tEALw_wcB;Dimeint ; 8,222.11  ;https://mx.wiautomation.com/siemens/hmi-pc-industriales/simatic-hmi/6AV21232GB030AX0?utm_source=google&utm_medium=cpc&utm_campaign=MX_pmax_full&gad_source=4&gad_campaignid=17347445687&gbraid=0AAAAAC2XDKD5-_F9VzM2DHpHuoECgBSYk&gclid=Cj0KCQjwgr_NBhDFARIsAHiUWr5WabH1vBNh23v083BShq2BBMeobnHJhFytiKBGTrIkHlN5td9eOO4aAhBCEALw_wcB;;;;;;;
178;"6AV2 123-2JB03-0AX0	";"SIMATIC HMI, KTP900 Basic, Basic Panel, Manejo con teclado/táctil, pantalla TFT de 9"", 65536 colores, Interfaz PROFINET";;HMI´S;ACTUALIZADO;Ebay ;$11.432,37;https://www.ebay.com/itm/317496384384?chn=ps&_trkparms=ispr%3D1&amdata=enc%3A1rPw0a3cKTNm0emgLDUgHwA1&norover=1&mkevt=1&mkrid=21562-222008-2056-1&mkcid=2&itemid=317496384384&targetid=325425753764&device=c&mktype=pla&googleloc=1010058&poi=&campaignid=21384589900&mkgroupid=164552185618&rlsatarget=pla-325425753764&abcId=&merchantid=5378086785&gad_source=1&gad_campaignid=21384589900&gbraid=0AAAAAD_QDh_iAcJGlJlpfYLD-I3qsrXC-&gclid=Cj0KCQjwgr_NBhDFARIsAHiUWr6Q6jUNlRyX12KeHUXt5PedzIDWrqKIbJruc9B3bDVSWluBURKEyxsaAnwAEALw_wcB;ALI EXPRESS; 14,811.81 ;https://es.aliexpress.com/item/1005003243999743.html?spm=a2g0o.productlist.main.3.2349pI4JpI4JRU&algo_pvid=fb05d7d2-7a32-4e68-9064-7dc24097072e&algo_exp_id=fb05d7d2-7a32-4e68-9064-7dc24097072e-2&pdp_ext_f=%7B%22order%22%3A%22-1%22%2C%22eval%22%3A%221%22%2C%22fromPage%22%3A%22search%22%7D&pdp_npi=6%40dis%21MXN%2118491.50%2111094.90%21%21%211027.08%21616.25%21%402101c44f17731701940794345e3771%2112000024827204731%21sea%21MX%212570504509%21ACX%211%210%21n_tag%3A-29919%3Bd%3A486af066%3Bm03_new_user%3A-29894&curPageLogUid=15b5AiRDd0YH&utparam-url=scene%3Asearch%7Cquery_from%3A%7Cx_object_id%3A1005003243999743%7C_p_origin_prod%3A;WIAUTOMATION; 17,072.29  ;https://mx.wiautomation.com/siemens/hmi-pc-industriales/simatic-hmi/6AV21232JB030AX0?utm_source=google&utm_medium=cpc&utm_campaign=MX_pmax_full&gad_source=1&gad_campaignid=17347445687&gbraid=0AAAAAC2XDKC6yZJ9rVZ_uskNYZ6iICVMT;;;;
179;"6ES7 231-4HF32-0XB0	";"Analog input module AI8 x 13 bits; plug-in terminal blocks; input: 2.5V, 5V, 10V and 0/4 to 20mA; configurable frequency suppression; configurable smoothing; configurable diagnostics";;PLC'S;ACTUALIZADO;DIMEINT;$10.506,56;https://dimeint.com/products/6es7231-4hf32-0xb0?srsltid=AfmBOoorgFcC34hMokukwMAUaPbAToq_C4lSloL5Wt2zFPHWwGPYONoZ;;;;;;;;;;
180;"6ES7 232-4HD32-0XB0	";"Analog output module AQ4 x 14 bits; plug-in terminal blocks; output: +/-10V and 0 to 20 mA; configurable diagnostics; configurable substitute value for output";;PLC'S;ACTUALIZADO;DIMEINT;$10.917,16;https://dimeint.com/products/6es7232-4hd32-0xb0?srsltid=AfmBOoqkbqeh3A3VR_VK3JYDJVhZfEnO353ruLBYb6NjefMPd0qiAV3w;;;;;;;;;;
181;CV18A;CABLE TFLS VINANEL-XXI CAL. 16 AWG. 600V. 90°C COLOR AZUL. MCA. CONDUMEX;;MATERIAL ELECTRICO;ACTUALIZADO;EUROELECTRICA;$6,61;https://euroelectrica.com.mx/producto/cable-tfls-vinanel-xxi-cal-16-awg-600v-90c-color-azul-mca-condumex/;;;;;;;;;;
182;6GK1561-1AA01;PROCESADOR DE COMUNICACIONES CP 5611 TARJETA PCI EXPRESS X1 PARA CONECTAR UNA PG O PC CON PCI EXPRESS-BUS A PROFIBUS O SE PUEDE UTILIZAR MPI ;;COMUNICACIÓN;ACTUALIZADO;Amazon ;$5.930,00;https://www.amazon.com.mx/eiuie-6GK1561-1AA00-Communications-Processor-561-1AA00/dp/B0BQMXQH1B;ALI EXPRESS; 1,849.26 ;https://es.aliexpress.com/item/4001265441063.html?spm=a2g0o.tesla.0.0.60ebAUvhAUvhCz&pdp_npi=6%40dis%21MXN%21MX%241%2C849.26%21MX%241%2C497.90%21%21%21%21%21%40210328df17731795585733105ee47b%2112000021050547848%21btfpre%21%21%21%211%210%21&afTraceInfo=4001265441063__pc__c_ppc_item_bridge_pc_main__O5KSqHd__1773179558638&gatewayAdapt=glo2esp;;;;;;;
183;;;;;;;;;;;;;;;;;;
184;;;;;;;;;;;;;;;;;;
185;;;;;;;;;;;;;;;;;;
186;;;;;;;;;;;;;;;;;;
187;;;;;;;;;;;;;;;;;;
188;;;;;;;;;;;;;;;;;;
189;;;;;;;;;;;;;;;;;;
190;;;;;;;;;;;;;;;;;;
191;;;;;;;;;;;;;;;;;;
192;;;;;;;;;;;;;;;;;;
193;;;;;;;;;;;;;;;;;;
194;;;;;;;;;;;;;;;;;;
195;;;;;;;;;;;;;;;;;;
196;;;;;;;;;;;;;;;;;;
197;;;;;;;;;;;;;;;;;;
198;;;;;;;;;;;;;;;;;;
199;;;;;;;;;;;;;;;;;;
200;;;;;;;;;;;;;;;;;;
201;;;;;;;;;;;;;;;;;;
202;;;;;;;;;;;;;;;;;;
203;;;;;;;;;;;;;;;;;;
204;;;;;;;;;;;;;;;;;;
205;;;;;;;;;;;;;;;;;;
206;;;;;;;;;;;;;;;;;;
207;;;;;;;;;;;;;;;;;;
208;;;;;;;;;;;;;;;;;;
209;;;;;;;;;;;;;;;;;;
210;;;;;;;;;;;;;;;;;;
211;;;;;;;;;;;;;;;;;;
212;;;;;;;;;;;;;;;;;;
213;;;;;;;;;;;;;;;;;;
214;;;;;;;;;;;;;;;;;;
215;;;;;;;;;;;;;;;;;;
216;;;;;;;;;;;;;;;;;;
217;;;;;;;;;;;;;;;;;;
218;;;;;;;;;;;;;;;;;;
219;;;;;;;;;;;;;;;;;;
220;;;;;;;;;;;;;;;;;;
221;;;;;;;;;;;;;;;;;;
222;;;;;;;;;;;;;;;;;;
223;;;;;;;;;;;;;;;;;;
224;;;;;;;;;;;;;;;;;;
225;;;;;;;;;;;;;;;;;;
226;;;;;;;;;;;;;;;;;;
227;;;;;;;;;;;;;;;;;;
228;;;;;;;;;;;;;;;;;;
229;;;;;;;;;;;;;;;;;;
230;;;;;;;;;;;;;;;;;;
231;;;;;;;;;;;;;;;;;;
232;;;;;;;;;;;;;;;;;;
233;;;;;;;;;;;;;;;;;;
234;;;;;;;;;;;;;;;;;;
235;;;;;;;;;;;;;;;;;;
236;;;;;;;;;;;;;;;;;;
237;;;;;;;;;;;;;;;;;;
238;;;;;;;;;;;;;;;;;;
239;;;;;;;;;;;;;;;;;;
240;;;;;;;;;;;;;;;;;;
